File_name,flash percent,flash,ram,Code,RO_data,RW_data,ZI_data
lto-llvm-472ed9.o,89.741302%,8048,4160,8008,32,8,4152
startup_at32f415.o,4.504906%,404,1024,36,368,0,1024
mc_w.l,2.876896%,258,0,258,0,0,0
uldiv.o,1.092774%,98,0,98,0,0,0
init.o,0.535236%,48,0,48,0,0,0
llushr.o,0.356824%,32,0,32,0,0,0
llshl.o,0.334523%,30,0,30,0,0,0
handlers.o,0.334523%,30,0,30,0,0,0
entry9a.o,0.089206%,8,0,8,0,0,0
entry2.o,0.089206%,8,0,8,0,0,0
entry5.o,0.044603%,4,0,4,0,0,0
