File_name,ram_percent,ram,flash,Code,RO_data,RW_data,ZI_data
at32f415_int.o,79.988419%,4145,942,938,0,4,4141
startup_at32f415.o,19.760710%,1024,404,36,368,0,1024
wk_system.o,0.077190%,4,84,84,0,0,4
system_at32f415.o,0.077190%,4,356,352,0,4,0
iap.o,0.077190%,4,348,348,0,0,4
main.o,0.019298%,1,120,120,0,0,1
